phone_number,run_time
2.34709E+12,25-10-20 14:45:16
2.34806E+12,30-12-20 12:30:15
2.34811E+12,27-10-20 14:45:20
2.34802E+12,25-10-20 17:54:45
2.34906E+12,31-10-20 06:34:43
,
,
,
,
,
,
,
,
,
,
,
,
,
,
,
,
,
,
,
,
,
,
,
,
